epoch ,time       ,train/box_loss ,train/cls_loss ,train/dfl_loss ,metrics/precision(B) ,metrics/recall(B) ,metrics/mAP50(B) ,metrics/mAP50-95(B) ,val/box_loss ,val/cls_loss ,val/dfl_loss ,lr/pg0      ,lr/pg1      ,lr/pg2
    1 ,   572.736 ,       2.51363 ,       4.68827 ,       1.63859 ,             0.00163 ,          0.06722 ,         0.03222 ,            0.01453 ,     1.88986 ,     4.55938 ,     1.28027 ,0.000170719 ,0.000170719 ,0.000170719
    2 ,  1080.2   ,       1.86358 ,       3.45079 ,       1.23664 ,             0.46326 ,          0.09443 ,         0.08111 ,            0.04418 ,     1.65646 ,     3.29279 ,     1.17035 ,0.000343769 ,0.000343769 ,0.000343769
    3 ,  1589.27  ,       1.68749 ,       2.73196 ,       1.16169 ,             0.38484 ,          0.13159 ,         0.1381  ,            0.06891 ,     1.6756  ,     3.11984 ,     1.16619 ,0.000514504 ,0.000514504 ,0.000514504
    4 ,  2103.62  ,       1.60691 ,       2.39688 ,       1.13579 ,             0.3955  ,          0.27233 ,         0.25934 ,            0.14278 ,     1.58676 ,     2.58499 ,     1.1239  ,0.000515585 ,0.000515585 ,0.000515585
    5 ,  2622.85  ,       1.51145 ,       2.13569 ,       1.10022 ,             0.36182 ,          0.33441 ,         0.27686 ,            0.15468 ,     1.55218 ,     2.33703 ,     1.11188 ,0.000512114 ,0.000512114 ,0.000512114
    6 ,  3148.97  ,       1.47466 ,       2.00667 ,       1.08519 ,             0.61129 ,          0.32262 ,         0.34378 ,            0.2073  ,     1.42133 ,     2.25494 ,     1.05588 ,0.000508642 ,0.000508642 ,0.000508642
    7 ,  3663.02  ,       1.47264 ,       1.95779 ,       1.08303 ,             0.51144 ,          0.37715 ,         0.3609  ,            0.21574 ,     1.45379 ,     2.06978 ,     1.04801 ,0.00050517  ,0.00050517  ,0.00050517
    8 ,  4175.46  ,       1.44107 ,       1.88419 ,       1.06695 ,             0.61154 ,          0.3514  ,         0.38272 ,            0.23631 ,     1.40874 ,     1.97918 ,     1.0817  ,0.000501699 ,0.000501699 ,0.000501699
    9 ,  4673.5   ,       1.38766 ,       1.79836 ,       1.05958 ,             0.44347 ,          0.46    ,         0.41767 ,            0.26066 ,     1.34092 ,     1.88224 ,     1.02897 ,0.000498227 ,0.000498227 ,0.000498227
   10 ,  5177.66  ,       1.39883 ,       1.735   ,       1.05515 ,             0.50766 ,          0.4196  ,         0.41861 ,            0.24331 ,     1.36562 ,     1.9813  ,     1.02426 ,0.000494756 ,0.000494756 ,0.000494756
   11 ,  5704.34  ,       1.38258 ,       1.73097 ,       1.06043 ,             0.63896 ,          0.42712 ,         0.45726 ,            0.28176 ,     1.34305 ,     1.8394  ,     1.01755 ,0.000491284 ,0.000491284 ,0.000491284
   12 ,  6217.17  ,       1.35783 ,       1.67142 ,       1.03362 ,             0.52331 ,          0.4674  ,         0.46901 ,            0.28651 ,     1.31389 ,     1.79016 ,     1.02101 ,0.000487812 ,0.000487812 ,0.000487812
   13 ,  6739.07  ,       1.32617 ,       1.60452 ,       1.02542 ,             0.61773 ,          0.4558  ,         0.50634 ,            0.29507 ,     1.30992 ,     1.70152 ,     1.0076  ,0.000484341 ,0.000484341 ,0.000484341
   14 ,  7280.44  ,       1.30974 ,       1.56667 ,       1.0209  ,             0.57979 ,          0.47198 ,         0.50984 ,            0.31286 ,     1.27197 ,     1.74239 ,     0.99547 ,0.000480869 ,0.000480869 ,0.000480869
   15 ,  7812.47  ,       1.32224 ,       1.54539 ,       1.02139 ,             0.61985 ,          0.49723 ,         0.52217 ,            0.3321  ,     1.28225 ,     1.60272 ,     0.9998  ,0.000477398 ,0.000477398 ,0.000477398
   16 ,  8329.47  ,       1.29772 ,       1.51992 ,       1.02143 ,             0.57108 ,          0.53609 ,         0.55134 ,            0.33951 ,     1.25357 ,     1.54581 ,     0.99169 ,0.000473926 ,0.000473926 ,0.000473926
   17 ,  8837.24  ,       1.31483 ,       1.48887 ,       1.0206  ,             0.50844 ,          0.56573 ,         0.54853 ,            0.33397 ,     1.24847 ,     1.59231 ,     0.97862 ,0.000470454 ,0.000470454 ,0.000470454
   18 ,  9338.65  ,       1.2838  ,       1.49019 ,       1.0073  ,             0.60762 ,          0.5396  ,         0.57483 ,            0.35654 ,     1.24466 ,     1.53529 ,     0.98373 ,0.000466983 ,0.000466983 ,0.000466983
   19 ,  9843.28  ,       1.28223 ,       1.47097 ,       1.00739 ,             0.56086 ,          0.56501 ,         0.55998 ,            0.34409 ,     1.2673  ,     1.62909 ,     0.98729 ,0.000463511 ,0.000463511 ,0.000463511
   20 , 10348.8   ,       1.29703 ,       1.44778 ,       1.02122 ,             0.61397 ,          0.52311 ,         0.57652 ,            0.35615 ,     1.23102 ,     1.50607 ,     0.98519 ,0.00046004  ,0.00046004  ,0.00046004
   21 , 10856.2   ,       1.24496 ,       1.38015 ,       1.00268 ,             0.53389 ,          0.5934  ,         0.58311 ,            0.36739 ,     1.21857 ,     1.47765 ,     0.97696 ,0.000456568 ,0.000456568 ,0.000456568
   22 , 11361.8   ,       1.2437  ,       1.36834 ,       1.0022  ,             0.60078 ,          0.57343 ,         0.59692 ,            0.36252 ,     1.25573 ,     1.51849 ,     0.97689 ,0.000453096 ,0.000453096 ,0.000453096
   23 , 11866.9   ,       1.23235 ,       1.35985 ,       0.99225 ,             0.6206  ,          0.50928 ,         0.5637  ,            0.3547  ,     1.22396 ,     1.5046  ,     0.98139 ,0.000449625 ,0.000449625 ,0.000449625
   24 , 12374.8   ,       1.25651 ,       1.36244 ,       0.99652 ,             0.61702 ,          0.56058 ,         0.58935 ,            0.36694 ,     1.2287  ,     1.47276 ,     0.97331 ,0.000446153 ,0.000446153 ,0.000446153
   25 , 12883.2   ,       1.2596  ,       1.38049 ,       1.00332 ,             0.61346 ,          0.52248 ,         0.59656 ,            0.3737  ,     1.22016 ,     1.44873 ,     0.97004 ,0.000442682 ,0.000442682 ,0.000442682
   26 , 13390     ,       1.26343 ,       1.37368 ,       1.00593 ,             0.60797 ,          0.57279 ,         0.61631 ,            0.37814 ,     1.24812 ,     1.49521 ,     0.96981 ,0.00043921  ,0.00043921  ,0.00043921
   27 , 13893.1   ,       1.20895 ,       1.31598 ,       0.98794 ,             0.62727 ,          0.58221 ,         0.63231 ,            0.40033 ,     1.20182 ,     1.42527 ,     0.96241 ,0.000435738 ,0.000435738 ,0.000435738
   28 , 14400.7   ,       1.23449 ,       1.31297 ,       0.99703 ,             0.59973 ,          0.58374 ,         0.61045 ,            0.37871 ,     1.20277 ,     1.38368 ,     0.96057 ,0.000432267 ,0.000432267 ,0.000432267
   29 , 14912.5   ,       1.23785 ,       1.2877  ,       0.99153 ,             0.63914 ,          0.59609 ,         0.64266 ,            0.40576 ,     1.20654 ,     1.3709  ,     0.95758 ,0.000428795 ,0.000428795 ,0.000428795
   30 , 15419.9   ,       1.21012 ,       1.25804 ,       0.97973 ,             0.65175 ,          0.57712 ,         0.62687 ,            0.40032 ,     1.2153  ,     1.41111 ,     0.96577 ,0.000425324 ,0.000425324 ,0.000425324
   31 , 15923.6   ,       1.20753 ,       1.27344 ,       0.98229 ,             0.6076  ,          0.5734  ,         0.61933 ,            0.38593 ,     1.25146 ,     1.44025 ,     0.98918 ,0.000421852 ,0.000421852 ,0.000421852
   32 , 16431.4   ,       1.20281 ,       1.26111 ,       0.97144 ,             0.61159 ,          0.60513 ,         0.61295 ,            0.38882 ,     1.22498 ,     1.46323 ,     0.98199 ,0.00041838  ,0.00041838  ,0.00041838
   33 , 16937.9   ,       1.21744 ,       1.26173 ,       0.9875  ,             0.61971 ,          0.64044 ,         0.63765 ,            0.38634 ,     1.23986 ,     1.37603 ,     0.97143 ,0.000414909 ,0.000414909 ,0.000414909
   34 , 17442.5   ,       1.1998  ,       1.23757 ,       0.97559 ,             0.62756 ,          0.57851 ,         0.61275 ,            0.36732 ,     1.27428 ,     1.41224 ,     0.96908 ,0.000411437 ,0.000411437 ,0.000411437
   35 , 17951.3   ,       1.21909 ,       1.20461 ,       0.97183 ,             0.64404 ,          0.62271 ,         0.64819 ,            0.38677 ,     1.25369 ,     1.39841 ,     0.96833 ,0.000407966 ,0.000407966 ,0.000407966
   36 , 18455.7   ,       1.20803 ,       1.22032 ,       0.97581 ,             0.62232 ,          0.60416 ,         0.62663 ,            0.40116 ,     1.18173 ,     1.34263 ,     0.95959 ,0.000404494 ,0.000404494 ,0.000404494
   37 , 18962.4   ,       1.16965 ,       1.15741 ,       0.97003 ,             0.62454 ,          0.6264  ,         0.64323 ,            0.41298 ,     1.18755 ,     1.33114 ,     0.95779 ,0.000401022 ,0.000401022 ,0.000401022
   38 , 19470.2   ,       1.19281 ,       1.20603 ,       0.97389 ,             0.62733 ,          0.63171 ,         0.663   ,            0.43124 ,     1.16856 ,     1.27505 ,     0.94884 ,0.000397551 ,0.000397551 ,0.000397551
   39 , 19984.1   ,       1.17614 ,       1.19673 ,       0.97399 ,             0.623   ,          0.63614 ,         0.64839 ,            0.41226 ,     1.17685 ,     1.33575 ,     0.95744 ,0.000394079 ,0.000394079 ,0.000394079
   40 , 20492.6   ,       1.17903 ,       1.16522 ,       0.97602 ,             0.65559 ,          0.56403 ,         0.66517 ,            0.42667 ,     1.17488 ,     1.29142 ,     0.95674 ,0.000390608 ,0.000390608 ,0.000390608
   41 , 21005.4   ,       1.18515 ,       1.19367 ,       0.98765 ,             0.71133 ,          0.58921 ,         0.67174 ,            0.42822 ,     1.18667 ,     1.27539 ,     0.95651 ,0.000387136 ,0.000387136 ,0.000387136
   42 , 21525.5   ,       1.17827 ,       1.15593 ,       0.96952 ,             0.67791 ,          0.60128 ,         0.66488 ,            0.43103 ,     1.17006 ,     1.27718 ,     0.95576 ,0.000383664 ,0.000383664 ,0.000383664
   43 , 22042.3   ,       1.16886 ,       1.12309 ,       0.96434 ,             0.62018 ,          0.68046 ,         0.69486 ,            0.44724 ,     1.16436 ,     1.2541  ,     0.95203 ,0.000380193 ,0.000380193 ,0.000380193
   44 , 22558.2   ,       1.13956 ,       1.10344 ,       0.96291 ,             0.64891 ,          0.62357 ,         0.68392 ,            0.44049 ,     1.20345 ,     1.24682 ,     0.95576 ,0.000376721 ,0.000376721 ,0.000376721
   45 , 23066.2   ,       1.1727  ,       1.11065 ,       0.96374 ,             0.63885 ,          0.66095 ,         0.68537 ,            0.4373  ,     1.18537 ,     1.2121  ,     0.94994 ,0.00037325  ,0.00037325  ,0.00037325
   46 , 23581.9   ,       1.17264 ,       1.12252 ,       0.96849 ,             0.6744  ,          0.61798 ,         0.67035 ,            0.43233 ,     1.19566 ,     1.2944  ,     0.96434 ,0.000369778 ,0.000369778 ,0.000369778
   47 , 24097.3   ,       1.13994 ,       1.0995  ,       0.96291 ,             0.66725 ,          0.62987 ,         0.68933 ,            0.43887 ,     1.16613 ,     1.2409  ,     0.94775 ,0.000366306 ,0.000366306 ,0.000366306
   48 , 24602.4   ,       1.17254 ,       1.13275 ,       0.97614 ,             0.69225 ,          0.61721 ,         0.66626 ,            0.42855 ,     1.16607 ,     1.25154 ,     0.94722 ,0.000362835 ,0.000362835 ,0.000362835
   49 , 25111.9   ,       1.13518 ,       1.08061 ,       0.95383 ,             0.6554  ,          0.6744  ,         0.70307 ,            0.45553 ,     1.17121 ,     1.20781 ,     0.95029 ,0.000359363 ,0.000359363 ,0.000359363
   50 , 25618     ,       1.1451  ,       1.07808 ,       0.96528 ,             0.67071 ,          0.64395 ,         0.67467 ,            0.43273 ,     1.17338 ,     1.24399 ,     0.9506  ,0.000355892 ,0.000355892 ,0.000355892
   51 , 26126.3   ,       1.13754 ,       1.06744 ,       0.96071 ,             0.69228 ,          0.65511 ,         0.69746 ,            0.4437  ,     1.18584 ,     1.2411  ,     0.95316 ,0.00035242  ,0.00035242  ,0.00035242
   52 , 26631.3   ,       1.15233 ,       1.09791 ,       0.96765 ,             0.66969 ,          0.66294 ,         0.69459 ,            0.43049 ,     1.1979  ,     1.24277 ,     0.95676 ,0.000348948 ,0.000348948 ,0.000348948
   53 , 27156.8   ,       1.15209 ,       1.07261 ,       0.96276 ,             0.68684 ,          0.63295 ,         0.68149 ,            0.42623 ,     1.2021  ,     1.272   ,     0.95221 ,0.000345477 ,0.000345477 ,0.000345477
   54 , 27703.3   ,       1.13397 ,       1.06252 ,       0.95487 ,             0.72492 ,          0.61265 ,         0.6836  ,            0.43797 ,     1.17696 ,     1.22451 ,     0.95097 ,0.000342005 ,0.000342005 ,0.000342005
   55 , 28219.3   ,       1.13367 ,       1.0276  ,       0.9641  ,             0.64744 ,          0.68096 ,         0.70915 ,            0.46004 ,     1.16495 ,     1.19294 ,     0.94878 ,0.000338534 ,0.000338534 ,0.000338534
   56 , 28735.4   ,       1.12994 ,       1.05454 ,       0.95219 ,             0.60634 ,          0.66421 ,         0.67684 ,            0.42827 ,     1.1993  ,     1.31728 ,     0.95696 ,0.000335062 ,0.000335062 ,0.000335062
   57 , 29245.4   ,       1.12166 ,       1.05339 ,       0.96283 ,             0.65885 ,          0.7084  ,         0.7145  ,            0.45794 ,     1.17114 ,     1.16248 ,     0.95821 ,0.00033159  ,0.00033159  ,0.00033159
   58 , 29757.8   ,       1.11791 ,       1.02824 ,       0.95669 ,             0.70654 ,          0.60619 ,         0.68096 ,            0.4393  ,     1.18688 ,     1.20565 ,     0.95411 ,0.000328119 ,0.000328119 ,0.000328119
   59 , 30271.9   ,       1.13002 ,       1.04479 ,       0.94941 ,             0.68593 ,          0.6279  ,         0.67481 ,            0.43123 ,     1.19213 ,     1.22745 ,     0.95405 ,0.000324647 ,0.000324647 ,0.000324647
   60 , 30785.5   ,       1.10985 ,       1.00212 ,       0.94681 ,             0.66064 ,          0.68713 ,         0.69922 ,            0.45267 ,     1.16643 ,     1.19167 ,     0.95434 ,0.000321176 ,0.000321176 ,0.000321176
   61 , 31292.2   ,       1.10383 ,       1.03134 ,       0.9508  ,             0.74595 ,          0.60789 ,         0.69821 ,            0.44708 ,     1.16737 ,     1.19266 ,     0.95055 ,0.000317704 ,0.000317704 ,0.000317704
   62 , 31807.9   ,       1.11575 ,       1.00654 ,       0.95745 ,             0.70915 ,          0.66047 ,         0.70405 ,            0.45109 ,     1.20982 ,     1.21093 ,     0.96016 ,0.000314232 ,0.000314232 ,0.000314232
   63 , 32319.2   ,       1.09457 ,       0.99868 ,       0.94322 ,             0.7372  ,          0.62816 ,         0.69629 ,            0.44273 ,     1.18699 ,     1.20371 ,     0.96431 ,0.000310761 ,0.000310761 ,0.000310761
   64 , 37636.8   ,       1.10662 ,       0.99567 ,       0.95213 ,             0.67457 ,          0.63486 ,         0.69839 ,            0.44874 ,     1.19632 ,     1.18155 ,     0.95416 ,0.000307289 ,0.000307289 ,0.000307289
   65 , 38455.2   ,       1.1111  ,       0.99003 ,       0.9499  ,             0.70096 ,          0.65443 ,         0.69661 ,            0.44754 ,     1.1913  ,     1.19191 ,     0.95673 ,0.000303818 ,0.000303818 ,0.000303818
   66 , 39031.6   ,       1.10524 ,       0.99781 ,       0.95717 ,             0.73492 ,          0.65592 ,         0.71366 ,            0.45749 ,     1.18129 ,     1.16848 ,     0.95259 ,0.000300346 ,0.000300346 ,0.000300346
   67 , 39681.7   ,       1.12419 ,       1.00108 ,       0.95107 ,             0.72645 ,          0.64298 ,         0.70998 ,            0.45403 ,     1.15941 ,     1.15922 ,     0.94184 ,0.000296874 ,0.000296874 ,0.000296874
   68 , 40322.2   ,       1.08628 ,       0.95911 ,       0.94953 ,             0.74771 ,          0.62196 ,         0.69408 ,            0.44879 ,     1.17434 ,     1.17115 ,     0.94533 ,0.000293403 ,0.000293403 ,0.000293403
   69 , 40948.7   ,       1.09522 ,       0.98253 ,       0.94476 ,             0.70392 ,          0.66303 ,         0.71797 ,            0.46504 ,     1.20153 ,     1.20214 ,     0.95647 ,0.000289931 ,0.000289931 ,0.000289931
   70 , 41594.8   ,       1.08228 ,       0.9731  ,       0.94091 ,             0.69033 ,          0.66508 ,         0.72701 ,            0.45846 ,     1.21497 ,     1.16481 ,     0.96397 ,0.00028646  ,0.00028646  ,0.00028646
   71 , 42155.2   ,       1.08756 ,       0.95928 ,       0.94076 ,             0.74495 ,          0.62779 ,         0.70707 ,            0.4499  ,     1.19321 ,     1.15963 ,     0.94423 ,0.000282988 ,0.000282988 ,0.000282988
   72 , 42877.6   ,       1.10586 ,       0.98563 ,       0.94371 ,             0.70126 ,          0.6505  ,         0.71329 ,            0.46648 ,     1.16318 ,     1.15142 ,     0.94262 ,0.000279516 ,0.000279516 ,0.000279516
   73 , 43542.1   ,       1.08466 ,       0.93961 ,       0.94467 ,             0.69308 ,          0.65442 ,         0.69631 ,            0.45318 ,     1.1815  ,     1.16267 ,     0.95161 ,0.000276045 ,0.000276045 ,0.000276045
   74 , 44208.6   ,       1.09854 ,       0.96118 ,       0.9435  ,             0.75812 ,          0.68105 ,         0.73715 ,            0.46702 ,     1.16801 ,     1.11364 ,     0.93809 ,0.000272573 ,0.000272573 ,0.000272573
   75 , 44894.1   ,       1.0857  ,       0.95903 ,       0.9369  ,             0.68705 ,          0.65363 ,         0.72352 ,            0.46379 ,     1.1946  ,     1.13879 ,     0.94539 ,0.000269102 ,0.000269102 ,0.000269102
   76 , 45595.1   ,       1.06259 ,       0.9252  ,       0.93406 ,             0.72193 ,          0.67757 ,         0.72327 ,            0.45465 ,     1.21822 ,     1.11939 ,     0.95773 ,0.00026563  ,0.00026563  ,0.00026563
   77 , 46401.1   ,       1.08583 ,       0.93998 ,       0.94088 ,             0.7275  ,          0.69346 ,         0.73231 ,            0.47226 ,     1.17891 ,     1.10152 ,     0.94449 ,0.000262158 ,0.000262158 ,0.000262158
   78 , 47097.3   ,       1.071   ,       0.91737 ,       0.94423 ,             0.71513 ,          0.69475 ,         0.73963 ,            0.47819 ,     1.16395 ,     1.08926 ,     0.93897 ,0.000258687 ,0.000258687 ,0.000258687
   79 , 47818.3   ,       1.07997 ,       0.93538 ,       0.94103 ,             0.69751 ,          0.69704 ,         0.7371  ,            0.47295 ,     1.17728 ,     1.08913 ,     0.94429 ,0.000255215 ,0.000255215 ,0.000255215
   80 , 48532.2   ,       1.06476 ,       0.9204  ,       0.94431 ,             0.73009 ,          0.67563 ,         0.72242 ,            0.47045 ,     1.17241 ,     1.11102 ,     0.95279 ,0.000251744 ,0.000251744 ,0.000251744
   81 , 49193.5   ,       1.04636 ,       0.88901 ,       0.93164 ,             0.70771 ,          0.66214 ,         0.72707 ,            0.45662 ,     1.2065  ,     1.11294 ,     0.95999 ,0.000248272 ,0.000248272 ,0.000248272
   82 , 50010.3   ,       1.08381 ,       0.90892 ,       0.9444  ,             0.71017 ,          0.66362 ,         0.72091 ,            0.47057 ,     1.19174 ,     1.12218 ,     0.96032 ,0.0002448   ,0.0002448   ,0.0002448
   83 , 50723.6   ,       1.06447 ,       0.91044 ,       0.92819 ,             0.69979 ,          0.65311 ,         0.71501 ,            0.45845 ,     1.21155 ,     1.13831 ,     0.96457 ,0.000241329 ,0.000241329 ,0.000241329
   84 , 51479.5   ,       1.05863 ,       0.8905  ,       0.93305 ,             0.777   ,          0.6306  ,         0.72184 ,            0.46061 ,     1.22034 ,     1.14599 ,     0.94828 ,0.000237857 ,0.000237857 ,0.000237857
   85 , 52213     ,       1.04876 ,       0.89418 ,       0.94074 ,             0.77298 ,          0.6541  ,         0.74422 ,            0.48187 ,     1.18045 ,     1.09541 ,     0.9463  ,0.000234386 ,0.000234386 ,0.000234386
   86 , 52852.9   ,       1.05031 ,       0.88382 ,       0.93534 ,             0.76022 ,          0.65665 ,         0.72659 ,            0.4767  ,     1.17048 ,     1.10422 ,     0.94926 ,0.000230914 ,0.000230914 ,0.000230914
   87 , 53513.4   ,       1.0551  ,       0.88938 ,       0.93043 ,             0.76318 ,          0.65279 ,         0.73791 ,            0.4866  ,     1.15313 ,     1.0891  ,     0.94003 ,0.000227442 ,0.000227442 ,0.000227442
   88 , 54096.5   ,       1.04484 ,       0.89095 ,       0.93357 ,             0.74394 ,          0.6621  ,         0.71998 ,            0.46626 ,     1.17448 ,     1.10761 ,     0.94585 ,0.000223971 ,0.000223971 ,0.000223971
   89 , 54833.2   ,       1.05222 ,       0.88647 ,       0.92507 ,             0.76633 ,          0.67437 ,         0.73694 ,            0.48292 ,     1.17318 ,     1.11158 ,     0.9447  ,0.000220499 ,0.000220499 ,0.000220499
   90 , 55579.8   ,       1.05965 ,       0.88812 ,       0.93756 ,             0.75321 ,          0.65928 ,         0.73042 ,            0.47604 ,     1.18362 ,     1.10496 ,     0.95018 ,0.000217028 ,0.000217028 ,0.000217028
   91 , 56344.2   ,       1.03249 ,       0.86083 ,       0.91951 ,             0.75289 ,          0.65787 ,         0.73673 ,            0.48229 ,     1.177   ,     1.08532 ,     0.94778 ,0.000213556 ,0.000213556 ,0.000213556
   92 , 57066.8   ,       1.04657 ,       0.85596 ,       0.92129 ,             0.7044  ,          0.69937 ,         0.74006 ,            0.48137 ,     1.16256 ,     1.07954 ,     0.94849 ,0.000210084 ,0.000210084 ,0.000210084
   93 , 57840.7   ,       1.05037 ,       0.85716 ,       0.93352 ,             0.76598 ,          0.66418 ,         0.73524 ,            0.48301 ,     1.15346 ,     1.08926 ,     0.94086 ,0.000206613 ,0.000206613 ,0.000206613
   94 , 58528     ,       1.04265 ,       0.86061 ,       0.93206 ,             0.72998 ,          0.70827 ,         0.74417 ,            0.47659 ,     1.16686 ,     1.08109 ,     0.93713 ,0.000203141 ,0.000203141 ,0.000203141
   95 , 59242.4   ,       1.04577 ,       0.86023 ,       0.92613 ,             0.72322 ,          0.70703 ,         0.73886 ,            0.47741 ,     1.18948 ,     1.07655 ,     0.94619 ,0.00019967  ,0.00019967  ,0.00019967
   96 , 59927.8   ,       1.01473 ,       0.84261 ,       0.92087 ,             0.70925 ,          0.71796 ,         0.74482 ,            0.48921 ,     1.16579 ,     1.05901 ,     0.95164 ,0.000196198 ,0.000196198 ,0.000196198
   97 , 60746     ,       1.02253 ,       0.84466 ,       0.93058 ,             0.70654 ,          0.70499 ,         0.74442 ,            0.48775 ,     1.16771 ,     1.06538 ,     0.94233 ,0.000192726 ,0.000192726 ,0.000192726
   98 , 61551.6   ,       1.0244  ,       0.8406  ,       0.93219 ,             0.76674 ,          0.6679  ,         0.74525 ,            0.47363 ,     1.22668 ,     1.08611 ,     0.95752 ,0.000189255 ,0.000189255 ,0.000189255
   99 , 62590.9   ,       1.02877 ,       0.84624 ,       0.92203 ,             0.7589  ,          0.69587 ,         0.75043 ,            0.48891 ,     1.18336 ,     1.05841 ,     0.94392 ,0.000185783 ,0.000185783 ,0.000185783
  100 , 63487.8   ,       1.02814 ,       0.83764 ,       0.92452 ,             0.76335 ,          0.71485 ,         0.75598 ,            0.49615 ,     1.15918 ,     1.02742 ,     0.94895 ,0.000182312 ,0.000182312 ,0.000182312
  101 , 64272.5   ,       1.01942 ,       0.84115 ,       0.9213  ,             0.76093 ,          0.69666 ,         0.75455 ,            0.49518 ,     1.15953 ,     1.0299  ,     0.94426 ,0.00017884  ,0.00017884  ,0.00017884
  102 , 65086     ,       1.02393 ,       0.83227 ,       0.92466 ,             0.69211 ,          0.70993 ,         0.74459 ,            0.48844 ,     1.18617 ,     1.0511  ,     0.95258 ,0.000175368 ,0.000175368 ,0.000175368
  103 , 65833.3   ,       1.02739 ,       0.83531 ,       0.92284 ,             0.77141 ,          0.65343 ,         0.74325 ,            0.47104 ,     1.20626 ,     1.07888 ,     0.94963 ,0.000171897 ,0.000171897 ,0.000171897
  104 , 66630     ,       1.04097 ,       0.84323 ,       0.92338 ,             0.70369 ,          0.7028  ,         0.74131 ,            0.47622 ,     1.19151 ,     1.07185 ,     0.95586 ,0.000168425 ,0.000168425 ,0.000168425
  105 , 67335     ,       1.00584 ,       0.8222  ,       0.91967 ,             0.74692 ,          0.69971 ,         0.7531  ,            0.49509 ,     1.15906 ,     1.02521 ,     0.94214 ,0.000164954 ,0.000164954 ,0.000164954
  106 , 68080.3   ,       1.00143 ,       0.81649 ,       0.92057 ,             0.76327 ,          0.66648 ,         0.7381  ,            0.48491 ,     1.18216 ,     1.07071 ,     0.94615 ,0.000161482 ,0.000161482 ,0.000161482
  107 , 68630     ,       1.02246 ,       0.82528 ,       0.92436 ,             0.73588 ,          0.69171 ,         0.73986 ,            0.48512 ,     1.1645  ,     1.04573 ,     0.94138 ,0.00015801  ,0.00015801  ,0.00015801
  108 , 69369     ,       1.02574 ,       0.81935 ,       0.9221  ,             0.77202 ,          0.68394 ,         0.74989 ,            0.49407 ,     1.17433 ,     1.03185 ,     0.95004 ,0.000154539 ,0.000154539 ,0.000154539
  109 , 70209     ,       1.01107 ,       0.80918 ,       0.92064 ,             0.7583  ,          0.69086 ,         0.75356 ,            0.49679 ,     1.16139 ,     1.03425 ,     0.94444 ,0.000151067 ,0.000151067 ,0.000151067
  110 , 71011.5   ,       1.00991 ,       0.79759 ,       0.921   ,             0.74318 ,          0.6627  ,         0.74463 ,            0.49074 ,     1.17596 ,     1.04317 ,     0.94357 ,0.000147596 ,0.000147596 ,0.000147596
  111 , 76090.5   ,       0.99492 ,       0.79882 ,       0.91321 ,             0.75877 ,          0.66353 ,         0.74391 ,            0.48881 ,     1.16628 ,     1.04786 ,     0.95021 ,0.000144124 ,0.000144124 ,0.000144124
  112 , 76759.3   ,       1.01787 ,       0.81646 ,       0.92085 ,             0.76184 ,          0.68922 ,         0.75481 ,            0.49296 ,     1.16039 ,     1.02232 ,     0.94162 ,0.000140652 ,0.000140652 ,0.000140652
  113 , 77705.7   ,       1.00496 ,       0.80147 ,       0.92613 ,             0.70991 ,          0.4076  ,         0.44721 ,            0.3055  ,     1.19537 ,     1.04997 ,     0.94807 ,0.000137181 ,0.000137181 ,0.000137181
  114 , 79455.3   ,       0.99148 ,       0.78798 ,       0.91661 ,             0.7673  ,          0.69229 ,         0.75737 ,            0.49382 ,     1.17226 ,     1.02867 ,     0.94602 ,0.000133709 ,0.000133709 ,0.000133709
  115 , 87469.6   ,       0.99707 ,       0.7937  ,       0.91393 ,             0.72201 ,          0.7087  ,         0.75627 ,            0.49667 ,     1.15292 ,     1.02884 ,     0.94482 ,0.000130238 ,0.000130238 ,0.000130238
  116 , 89116.7   ,       0.99975 ,       0.79329 ,       0.91989 ,             0.77006 ,          0.68376 ,         0.75598 ,            0.4965  ,     1.15959 ,     0.99848 ,     0.94342 ,0.000126766 ,0.000126766 ,0.000126766
  117 , 90193.5   ,       0.99785 ,       0.79261 ,       0.91978 ,             0.77437 ,          0.69358 ,         0.75906 ,            0.49755 ,     1.16921 ,     1.01037 ,     0.94694 ,0.000123294 ,0.000123294 ,0.000123294
  118 , 91260.8   ,       0.99585 ,       0.78608 ,       0.91509 ,             0.71505 ,          0.74037 ,         0.75699 ,            0.4904  ,     1.18915 ,     1.00876 ,     0.94929 ,0.000119823 ,0.000119823 ,0.000119823
  119 , 92223.1   ,       0.99324 ,       0.77718 ,       0.91802 ,             0.76022 ,          0.70096 ,         0.75995 ,            0.50305 ,     1.16668 ,     1.01139 ,     0.94229 ,0.000116351 ,0.000116351 ,0.000116351
  120 , 93203.4   ,       0.99565 ,       0.77679 ,       0.92044 ,             0.74667 ,          0.73143 ,         0.76245 ,            0.50681 ,     1.16434 ,     1.01577 ,     0.94051 ,0.00011288  ,0.00011288  ,0.00011288
  121 , 94110.3   ,       0.99397 ,       0.76987 ,       0.9165  ,             0.71694 ,          0.71471 ,         0.76027 ,            0.50287 ,     1.17481 ,     1.00762 ,     0.94905 ,0.000109408 ,0.000109408 ,0.000109408
  122 , 94823     ,       1.0037  ,       0.7753  ,       0.92048 ,             0.75095 ,          0.66709 ,         0.74826 ,            0.4938  ,     1.17097 ,     1.01905 ,     0.94765 ,0.000105936 ,0.000105936 ,0.000105936
  123 , 95558.1   ,       0.9888  ,       0.76319 ,       0.91428 ,             0.73076 ,          0.72817 ,         0.76182 ,            0.50416 ,     1.16273 ,     0.98224 ,     0.9504  ,0.000102465 ,0.000102465 ,0.000102465
  124 , 96275.9   ,       0.96936 ,       0.76356 ,       0.9143  ,             0.7359  ,          0.70697 ,         0.76722 ,            0.51114 ,     1.1564  ,     0.9955  ,     0.94543 ,9.89932e-05 ,9.89932e-05 ,9.89932e-05
  125 , 96996.7   ,       0.97975 ,       0.75735 ,       0.91343 ,             0.73594 ,          0.72153 ,         0.76347 ,            0.50315 ,     1.17652 ,     0.98621 ,     0.94631 ,9.55216e-05 ,9.55216e-05 ,9.55216e-05
  126 , 97740.5   ,       0.97574 ,       0.75299 ,       0.91021 ,             0.71139 ,          0.73501 ,         0.76207 ,            0.50953 ,     1.16069 ,     0.97733 ,     0.94707 ,9.205e-05   ,9.205e-05   ,9.205e-05
  127 , 98483.7   ,       0.98243 ,       0.76591 ,       0.9134  ,             0.75277 ,          0.71446 ,         0.76537 ,            0.50585 ,     1.16818 ,     0.97388 ,     0.95193 ,8.85784e-05 ,8.85784e-05 ,8.85784e-05
  128 , 99204.4   ,       0.98322 ,       0.76019 ,       0.91207 ,             0.73812 ,          0.72718 ,         0.7573  ,            0.49405 ,     1.19551 ,     0.99829 ,     0.95257 ,8.51068e-05 ,8.51068e-05 ,8.51068e-05
  129 , 99906.9   ,       0.98233 ,       0.77209 ,       0.91083 ,             0.748   ,          0.72159 ,         0.76446 ,            0.51095 ,     1.15152 ,     0.97968 ,     0.94493 ,8.16352e-05 ,8.16352e-05 ,8.16352e-05
  130 ,100620     ,       0.95584 ,       0.7471  ,       0.90577 ,             0.75987 ,          0.70724 ,         0.77026 ,            0.5123  ,     1.14576 ,     0.9734  ,     0.94374 ,7.81636e-05 ,7.81636e-05 ,7.81636e-05
  131 ,101353     ,       0.95556 ,       0.74359 ,       0.90781 ,             0.77375 ,          0.70301 ,         0.76797 ,            0.51438 ,     1.14666 ,     0.99989 ,     0.94183 ,7.4692e-05  ,7.4692e-05  ,7.4692e-05
  132 ,102078     ,       0.97797 ,       0.75362 ,       0.91149 ,             0.76614 ,          0.70841 ,         0.76721 ,            0.51207 ,     1.15191 ,     0.98705 ,     0.94247 ,7.12204e-05 ,7.12204e-05 ,7.12204e-05
  133 ,102768     ,       0.97686 ,       0.74567 ,       0.91534 ,             0.7836  ,          0.69117 ,         0.76738 ,            0.51285 ,     1.14306 ,     0.97501 ,     0.93527 ,6.77488e-05 ,6.77488e-05 ,6.77488e-05
  134 ,103456     ,       0.96324 ,       0.74603 ,       0.90876 ,             0.74014 ,          0.72318 ,         0.76938 ,            0.50928 ,     1.14512 ,     0.97445 ,     0.93788 ,6.42772e-05 ,6.42772e-05 ,6.42772e-05
  135 ,104158     ,       0.97152 ,       0.75011 ,       0.91131 ,             0.78779 ,          0.69632 ,         0.77743 ,            0.51717 ,     1.14267 ,     0.96968 ,     0.9381  ,6.08056e-05 ,6.08056e-05 ,6.08056e-05
  136 ,104840     ,       0.96053 ,       0.73626 ,       0.91302 ,             0.76989 ,          0.71436 ,         0.7691  ,            0.51432 ,     1.14889 ,     0.97847 ,     0.94197 ,5.7334e-05  ,5.7334e-05  ,5.7334e-05
  137 ,105539     ,       0.95892 ,       0.74148 ,       0.90729 ,             0.77815 ,          0.70963 ,         0.77298 ,            0.51349 ,     1.15304 ,     0.97366 ,     0.94144 ,5.38624e-05 ,5.38624e-05 ,5.38624e-05
  138 ,106249     ,       0.95831 ,       0.72795 ,       0.90705 ,             0.74626 ,          0.74053 ,         0.76557 ,            0.51019 ,     1.14592 ,     0.96781 ,     0.94178 ,5.03908e-05 ,5.03908e-05 ,5.03908e-05
  139 ,106926     ,       0.95896 ,       0.74457 ,       0.91329 ,             0.74595 ,          0.74366 ,         0.77552 ,            0.51433 ,     1.15275 ,     0.9535  ,     0.94656 ,4.69192e-05 ,4.69192e-05 ,4.69192e-05
  140 ,107625     ,       0.95781 ,       0.72678 ,       0.90973 ,             0.73052 ,          0.7429  ,         0.77196 ,            0.51287 ,     1.15052 ,     0.94715 ,     0.94497 ,4.34476e-05 ,4.34476e-05 ,4.34476e-05
  141 ,108294     ,       0.96405 ,       0.72379 ,       0.91079 ,             0.7372  ,          0.72728 ,         0.75682 ,            0.50709 ,     1.15939 ,     0.98849 ,     0.94942 ,3.9976e-05  ,3.9976e-05  ,3.9976e-05
  142 ,108955     ,       0.96168 ,       0.71636 ,       0.90955 ,             0.76859 ,          0.68463 ,         0.74475 ,            0.49237 ,     1.16664 ,     1.00667 ,     0.95502 ,3.65044e-05 ,3.65044e-05 ,3.65044e-05
  143 ,109639     ,       0.93787 ,       0.69209 ,       0.89929 ,             0.77637 ,          0.69011 ,         0.75183 ,            0.50077 ,     1.15758 ,     0.98699 ,     0.95525 ,3.30328e-05 ,3.30328e-05 ,3.30328e-05
  144 ,110318     ,       0.95384 ,       0.69713 ,       0.90983 ,             0.74081 ,          0.71631 ,         0.75487 ,            0.49859 ,     1.16035 ,     0.97904 ,     0.9507  ,2.95612e-05 ,2.95612e-05 ,2.95612e-05
  145 ,111026     ,       0.94078 ,       0.68343 ,       0.90836 ,             0.74962 ,          0.72686 ,         0.75719 ,            0.50394 ,     1.15494 ,     0.96973 ,     0.94944 ,2.60896e-05 ,2.60896e-05 ,2.60896e-05
  146 ,111691     ,       0.94202 ,       0.68782 ,       0.90712 ,             0.76857 ,          0.71794 ,         0.75753 ,            0.5014  ,     1.15779 ,     0.96821 ,     0.94975 ,2.2618e-05  ,2.2618e-05  ,2.2618e-05
  147 ,112355     ,       0.92641 ,       0.67104 ,       0.89582 ,             0.77015 ,          0.7132  ,         0.75872 ,            0.50086 ,     1.15509 ,     0.95733 ,     0.94704 ,1.91464e-05 ,1.91464e-05 ,1.91464e-05
  148 ,113013     ,       0.93624 ,       0.68776 ,       0.90134 ,             0.74589 ,          0.71572 ,         0.75932 ,            0.50203 ,     1.1585  ,     0.96082 ,     0.94872 ,1.56748e-05 ,1.56748e-05 ,1.56748e-05
  149 ,113678     ,       0.93835 ,       0.68461 ,       0.90161 ,             0.76876 ,          0.70515 ,         0.75895 ,            0.50386 ,     1.15488 ,     0.96239 ,     0.94656 ,1.22032e-05 ,1.22032e-05 ,1.22032e-05
  150 ,114381     ,       0.92539 ,       0.68015 ,       0.90627 ,             0.77937 ,          0.70092 ,         0.75814 ,            0.50079 ,     1.15622 ,     0.96539 ,     0.9467  ,8.7316e-06  ,8.7316e-06  ,8.7316e-06
